Tytuł,Album,Artysta,Czas trwania (ms),Ocena,Liczba odsłuchań,Usunięto,Indeks playlisty
Umiyakara,Utamichi Aruki,Kazutoshi Matsuda,172000,0,1,,23
A Regrettable Plan,Prm Noblesse Oblige Original Soundtrack,Ichinoryu Uehara,99000,0,1,,6
Ore,yacchaimashita...?,??Ge! Seikyouiku Original Soundtrack,Ichinoryu Uehara,101000,0,0,,11
Machikantei,Machikantei,Kiyoko Toma,264000,0,1,,7
Washima Yuntanja,Washima Yuntanja -Kuniyoshi Shinyu selection-,Shinyu Kuniyoshi,229000,0,0,,16
Seishika no Hana,Miuta Shima no uta - Seishika no hana -,Takashi Asato,217000,0,1,,13
Funauki Otome,Okinawa Ryojo Hana,Suguru Ikeda,123000,0,0,,12
The Godfather Love Theme (Tango Style),Tango  Movies,B-Side Tango,97000,0,0,,17
Szklany krajobraz (Muzyka relaksacyjna),W bezkresnej dali (Muzyka relaksacyjna / relaxation music),Relaks i medytacja dla ciebie,351000,0,0,,18
Reflected in the Mirror,Marie De Trois Personnes,Mari Kamichika,167000,0,0,,14
Solamente Una Vez (You Belong to My Heart),Flores,Yuka Ikeyama,223000,0,0,,5
Iitoshiguruni Natanya,Doshibi Inagu Mitchai Hana Jakai,Yuki Yamazato/Katsuko Yohen/Keiko Kinjo,214000,0,0,,4
Kanashikute Yarikirenai,Yumede Aimashou +4,Yuki Murakami,213000,5,6,,1
Utabito (Fukkoku Ban),Uta3 -Wakugawa Akira tokushu-,Akira Wakugawa,268000,0,0,,9
sora-no-sekai,Life - EP,syo-nen radio,279000,0,2,,20
Nanairo,Harmonic - EP,Natsumi Harada,288000,0,0,,2
Shimaya uta ashibi,Meibanfukkoku Nakankiyo,Seishin Taba,151000,0,0,,19
Yaoyorozu Sanka,Konohana Sakuya,Kisou-Yushi,124000,0,0,,8
GOLF Bushi,Miuta Shima no uta99,Hirokazu Matsuda,205000,0,1,,21
The Best Thing,Triangle,Perfume,263000,0,0,,22
Deigo no Hana,Meiban Fukkoku Showa Jo Bushi,Teihan China,310000,0,0,,3
Yoza Kyodai, Hana Butai,Yui Yui Sisters,Yui Yui Sisters,231000,5,8,,0
Untora Nu Musume no Ayagu,Okinawa Miyakojima Koyo,Yoneo Miyaguni,193000,0,1,,15
Rocket,Head First,Goldfrapp,231000,0,5,,13
Shark In The Water,Travelling Like The Light,V V Brown,184000,0,1,,18
I Feel Better,One Life Stand,Hot Chip,280000,5,18,,10
Pumped Up Kicks,Torches,Foster the People,239000,0,14,,2
Right Hand Hi,Ultraviolet,Kid Sister,200000,0,2,,5
Shove It (feat. SpankRock),Santigold,Santigold,228000,5,28,,3
Starry Eyed,Bright Lights (Lights Re-pack / Bonus Version),Ellie Goulding,176000,5,18,,14
Kids,Oracular Spectacular,MGMT,302000,0,7,,15
Telephone (w/o Beyonce),This Is The Sound Of...2010,Lady Gaga,221000,0,8,,4
Crazy,St. Elsewhere,Gnarls Barkley,177000,5,30,,1
Meddle,Hands,Little Boots,195000,0,2,,19
Sun of a Gun,Oh Land,Oh Land,205000,0,1,,6
Hang With Me,Body Talk,Robyn,259000,0,1,,7
Hot-n-Fun (feat. Nelly Furtado),Nothing,N.E.R.D,202000,1,1,,23
Rabbit Heart (Raise It Up),Lungs (International Version),Florence + The Machine,232000,0,2,,16
Somebody To Love Me,Record Collection,Mark Ronson,297000,0,0,,24
Heads Will Roll,Its Blitz! (Deluxe digital album),Yeah Yeah Yeahs,221000,5,23,,17
American Boy (Soul Seekerz Radio Remix),American Boy,Estelle,234000,0,3,,11
In Spirit Golden,The Constant,I Blame Coco,208000,0,4,,0
Until We Bleed (feat. Lykke Li),Longing for Lullabies (feat. Titiyo),Andreas Kleerup,264000,5,32,,12
Meter,Tear the Roots,KALEIDA,251000,0,0,,10
Fire Breather,Fire Breather,Laurel,196000,0,0,,21
Come as You Are,Come as You Are,Prep School,194000,0,0,,11
Take It All,Take It All,Ruelle,178000,5,17,,12
This World,This World,Lena Fayre,226000,0,0,,23
Jagwar,Shapes,SHELLS,212000,0,0,,16
The Wolves,YEARN,Cyrus Reynolds,Gregg Lehrman,206000,0,2,,6
Flesh and Bone,Black Math - EP,Black Math,221000,0,0,,19
Beautiful Hell,Beautiful Hell,Adna,176000,0,2,,3
Burn,Death,Cody Crump,136000,0,2,,2
Volunteer, Pt. 1,Volunteer,The Spiritual Machines,92000,0,0,,8
Gallows Strung,A Small Murmuration,Snow Ghosts,223000,0,2,,4
Blindfold,The Dark,Sleeping Wolf,195000,0,0,,18
Turns You into Stone,Love and War,Fleurie,230000,0,0,,20
Head Full of Lies (Main Title from Residue),Head Full Of Lies (Main Title from Residue),Georgi Kay,251000,0,0,,14
Aint No Mountain High Enough (feat. Shadow Royale),Run for Cover,Joseph William Morgan,149000,0,0,,22
Arcanine,Respire,Ursine Vulpine,304000,0,0,,17
Homeostasis,Chrysalis,Nostalghia,238000,0,2,,5
Dystopia,Dystopia,Hi-Finesse,167000,0,3,,1
Alone With U,SpaceAce Muzic,Lawless,136000,0,0,,15
Laid Back,Dive In,Lawless,162000,0,0,,24
Estylo Frio,Chicano Rap All Stars Box Set,Lawless,254000,0,2,,7
The Passenger,The Two Magics, Vol. 1,Hunter As a Horse,215000,0,0,,13
Dear God (feat. Sydney Wayser),Lawless,Lawless,271000,5,12,,0
Where Is My Mind,Under the Covers,Mindy Jones,187000,0,0,,9
lattitude instrumental (Instrumental),Koolmotor Instrumentals,Five Deez,259000,0,4,,10
Sora ni shirarenu feat. Meiso,Two,Michita,310000,0,2,,22
Shoulder Kiss,Study Guide,Freddie Joachim,156000,0,10,,2
Silent Night,Diorama,Dj Okawari,233000,0,2,,21
backseat anonymous,Humanoid Erotica,fat jon,249000,0,3,,16
Various Randoms,Rapture Kontrolle,Fat Jon as Maurice Galactica,181000,0,4,,12
Chop (Nujabes Tribute),Sun Rays,God Sense,172000,0,5,,15
Eyes,Wave Motion,Fat Jon,233000,0,5,,8
Bridge over the stairs,Peace Of Soul,Kondor,175000,0,1,,23
Feelin Blue (R.I.P. Nujabes),Past Is Past,14?,130000,0,6,,7
Death Wish,Impression: Samurai Champloo OST,Force Of Nature,164000,0,4,,19
Heavenly Skies,Trebla LP,DJ Sorama,171000,0,3,,17
all in your mind,afterthought,fat jon,241000,0,11,,0
Deferred,Evolution Fight,Cyne,134000,0,0,,24
Peace and Love 2 (Interlude 1),globe trotter,LEMS,152000,0,4,,11
World Without Words,Impression: Samurai Champloo OST,Nujabes,372000,0,12,,6
Lucid,Peace of Mind,Kondor,148000,0,10,,3
Nocturne of Love,Melancholy Hopeful (Instrumental Version),Marcus D,256000,0,7,,4
Fate,Beautiful Killing Machine,Beautiful Killing Machine,240000,0,1,,20
Its a New Day,Windmills of the Soul,Kero One,265000,0,5,,9
Night Poetry,Endless Memories,Reki,366000,0,2,,18
Little Piano,Alone Journey,Blazo,110000,0,10,,5
Jazzmatic (feat. Steph the Sapphic Songstress),Substantial  Marcus D Are Bop Alloy,Bop Alloy,176000,0,5,,13
Hymn,Przymierze,London Symphony Orchestra,251000,0,25,,3
Round Box,The Deep,Calibre,268000,5,31,,0
Aunties Lock/Infinitum (feat. Laura Darlington),Los Angeles,Flying Lotus,164000,0,12,,1
Soft Cavities,Black Chamber,David Toop,348000,0,10,,2
Midnight City,Hurry up, Were Dreaming,M83,243000,0,8,Tak,2
Something Good Can Work,Tourist History,Two Door Cinema Club,162000,0,6,,1
Lovely Day (Bonus Track),This Is All Yours,alt-J,241000,0,3,Tak,24
Busy Earnin,Jungle,Jungle,181000,0,2,,8
Run,Gracetown,San Cisco,194000,0,0,,18
Follow,Star Of Love,Crystal Fighters,196000,0,1,,10
Down The Road,Tetra,C2C,207000,0,0,,14
Hand-made,An Awesome Wave (Deluxe Version),alt-J,157000,0,1,,16
Lampshades on Fire,Strangers to Ourselves,Modest Mouse,187000,0,1,,13
Fever,Turn Blue,The Black Keys,246000,0,0,,19
Left Hand Free,This Is All Yours,alt-J,173000,5,48,Tak,0
Cold Cold Man,My Type EP,Saint Motel,230000,0,1,,11
Flashed Junk Mind,Sadnecessary (Bonus Track Version),Milky Chance,262000,0,3,,9
From Nowhere,Sweet Disarray,Dan Croll,196000,0,1,,12
Hey Mami,Sylvan Esso,Sylvan Esso,200000,0,0,,15
Come with Me Now,Lunatic,Kongos,211000,0,8,,3
Mountain At My Gates,What Went Down,Foals,244000,0,0,,21
Electric Love,Candy,BØRNS,218000,0,5,,4
Sunset,Coexist,The xx,218000,0,2,,6
Do I Wanna Know?,AM,Arctic Monkeys,272000,0,2,,22
When Im Small,Eyelid Movies,Phantogram,249000,0,1,,17
Cigarette Daydreams,Melophobia,Cage The Elephant,208000,0,0,,20
The Changing Lights,After the Disco,Broken Bells,228000,0,0,,23
Hurricane,Secondhand Rapture,MS MR,226000,0,4,,5
Breezeblocks,An Awesome Wave,alt-J,227000,5,47,,7
Millenium Bug,B-Sides and Remix Sessions,Terranova,343000,0,1,,12
Lindt,Lowflow,Thomas Fehlmann,264000,0,0,,16
Fedimes Flight,Jazzanova EP,Jazzanova,424000,0,1,,14
Nuits Sonores,Nuits Sonores / Nectarines,Floating Points,715000,0,0,,8
Innervisions,Substances,DJ Cam,285000,0,1,,5
Tulpa Ovi,Thora Vukk,Robag Wruhme,274000,0,1,,11
With A Professional,One / Three,Dabrye,229000,0,0,,9
Little People (Black City) [Mark E Dub Version],Little People (Black City),Matthew Dear,439000,0,2,,3
The Crow,Kaleidoscope,DJ Food,373000,0,4,,20
Naima,Southport Weekender Vol.10 (Mixed By Miguel Migs  Atjazz),4hero,349000,0,0,,18
Kist,A Virus With Shoes,Two Lone Swordsmen,223000,0,1,,13
ASP (Single Version),Legend of the Golden Snake,Depth Charge,324000,0,0,,22
Ill Be Gone feat. Jazzu (John Daly Remix),Ill Be Gone feat. Jazzu,Mario  Vidis,467000,0,4,,4
Grand Central Shuttle,Grand Central Shuttle,In Flagranti,299000,0,0,,21
Age Sculpture,Sea Inside Body,Kelpe,323000,0,2,,6
I Need Love (feat. Ron Basejam),I Need Love,Hot Toddy,331000,0,0,,24
Slow Motion (Skudge Mix),Theory 040.2,Ben Sims,365000,0,1,,19
Too High To Move,Silent Movie,Quiet Village,401000,0,6,,1
Jetsam,Early Works,Recloose,104000,0,1,,17
Things That Go Funk,Hi Five mobilee! Part 2,Dan Curtin,517000,0,1,,10
Hymn,Przymierze,London Symphony Orchestra,251000,0,25,,4
Bogurodzica - Zdrowas, Krolewno Wyborna,Przymierze,London Symphony Orchestra,1018000,0,11,,0
Swiatynia,Przymierze,London Symphony Orchestra,703000,0,9,,1
Ave Maria,Przymierze,London Symphony Orchestra,340000,0,7,,2
Lamentacja,Przymierze,London Symphony Orchestra,284000,0,5,,3
Northstar,Adventures in Foam,Cujo,369000,5,8,,11
Pop and Lock,Finest Hour,Submotion Orchestra,295000,0,1,,13
Sister curare,A Grand Love Story,Kid Loco,327000,0,4,,5
Horizon,Every Day,The Cinematic Orchestra featuring Niara Scarlett,285594,0,14,,0
Oscar feat. Anna Clementi,Dehli 9,Tosca,320000,0,2,,12
Try Again,Flying Wonders,Homelife,152000,0,5,,3
Homage to Patagonia,Lemon Jelly.ky,Lemon Jelly,574000,0,0,,23
The Garden,The Audiences Listening (U.S. Version),Cut Chemist,375000,5,18,,15
Sun Drums And Soil (Part 2),Everything Ecstatic Part 2,Four Tet,333000,0,0,,24
The Sleepless (feat. MC Det),Making Bones,Red Snapper,286000,0,9,,2
Flip Ya Lid,In A Space Outta Sound,Nightmares On Wax,324000,0,9,,1
Eastwind,Everything Under the Sun,Nostalgia 77,382000,0,5,,10
Breath And Start,Music By Cavelight,Blockhead,262000,0,10,,8
Emperors Main Course,Emperors Main Course,Kid Koala,244000,0,6,,4
Road to Nowhere,Jaku,DJ Krush,201000,0,2,,18
Leisure Lakes,Great Aviaries,Super Numeri,300000,0,2,,19
K,In Finite,Broadway Project,291000,0,4,,9
Black Baby,Shakatakadoodub,Kruder,378000,0,0,Tak,22
Timber,Let Us Play,Coldcut,272000,0,1,,14
Meister Petz,Peace Orchestra,Peace Orchestra,376000,0,3,,6
Tanz,Lore of Nén,Elane,120000,0,3,,6
Game of Thrones (Hurdy Gurdy Version),Shapes  Patterns EP,Patty Gurdy,112000,0,0,,16
Old Dead,Uthuling Hyl,Osi and the Jupiter,266000,0,1,,7
Prayer,Prayer,Omnia,135000,0,1,,12
Sons of Skyrim,Thousand Times,Gilead,205000,0,3,,3
Salems Secret,The Witching Hour,Peter Gundry,244000,0,1,,2
Berserkir,Berserkir,Danheim,235000,0,23,,0
För världarna nio,Flykt,Forndom,250000,0,0,,20
The Butterfly,Eden,Faun,93000,0,3,,4
Ready To Be A Warrior,Sword Song,Skyforger,207000,0,0,,22
Vanheimr,Mannavegr,Danheim,240000,0,4,,11
Song of Brotherhood,Starchaser,Adrian von Ziegler,153000,0,2,,5
The Shadows Hymn,The Unspoken Tales,Peter Gundry,109000,0,1,,19
Lullaby (The Final Gyre of Suns),Of Dreams Forgotten and Fables Untold,The Moon and the Nightspirit,239000,0,0,,23
Hakkerskaldyr,Ofnir,Heilung,129000,0,2,,15
Empty Moons,Uthuling Hyl,Osi and the Jupiter,354000,0,1,,24
Myrkviðr,Munarvagr,Danheim,272000,0,2,,18
Tengger Cavalry,Blood Sacrifice Shaman,Tengger Cavalry,235000,0,1,,8
An Dro Nevez,Aeon,Annwn,218000,0,0,,21
Floki Appears to Kill Athelstan,The Vikings III (Music from the TV Series),Trevor Morris,191000,0,3,,1
Enchanting Oneiro,Psychostasia,Daemonia Nymphe,147000,0,0,,14
Raido,Runaljod - Ragnarok,Wardruna,285000,0,2,,9
Twilight of the Thunder God (Hymnus),Gimlie,Corvus Corax,223000,0,1,,17
Summoning the Gods,Summoning the Gods,Trobar de Morte,256000,0,0,,13
Hunter II,Genesis,Paleowolf,405000,0,5,,10
Lake Shore Drive,Lake Shore Drive,Aliotta haynes Jeremiah,259000,0,5,,2
Mr. Blue Sky,The Essential Electric Light Orchestra,Electric Light Orchestra,302000,0,9,,0
Wham Bam Shang-A-Lang,Silver,Silver,212000,0,6,,8
The Chain (2004 Remaster),Rumours (Super Deluxe),Fleetwood Mac,270000,0,15,,3
Surrender,Heaven Tonight,Cheap Trick,253000,0,3,,9
My Sweet Lord,All Things Must Pass (Remastered),George Harrison,281000,0,7,,5
Come A Little Bit Closer,Come A Little Bit Closer: The Best Of Jay  The Americans,Jay  The Americans,166000,0,6,,7
Bring It On Home to Me (Remastered),The Best of Sam Cooke,Sam Cooke,164000,0,9,,4
Brandy (Youre a Fine Girl),Looking Glass,Looking Glass,186000,0,9,,6
Flash Light,Funkentelechy Vs. The Placebo Syndrome,Parliament,346000,0,4,,11
Past Is Past,Past Is Past,14?,278000,0,3,,10
Straight From The Harp,How It Should Sound, Vol. 1  2,Damu The Fudgemunk,143000,0,3,,20
Nebulosa,Music For Jazz Dancers,Kenichiro Nishihara,201000,0,3,,24
Losing You,Rapture Kontrolle,Fat Jon as Maurice Galactica,214000,0,3,,11
Tokyo Twilight (Inst.),Substantial  Marcus D Are Bop Alloy (Korean Deluxe Edition),Bop Alloy,229000,0,2,,23
Sh** Kit,Table Noise Volume 1-3,Five Deez,122000,0,5,,4
The View,Tribute to Jun 3: Modal Eternal (Nujabes Tribute),P.SUS,190000,0,5,,6
Winter (Interlude),Suite For Nujabes, Vol. 4: Winter,Soul Jazz Collective,155000,0,2,,21
Intro,Peace of Soul,Kondor,103000,0,3,,16
Midnight Breakfast,State Of Mind,DJ Ezasscul,201000,0,9,,0
Kindness,The Blossoming,Hai Le,171000,0,3,,19
Pleione,Hundred Eight Stars,Fat Jon,211000,0,5,,3
Dont Even Try It,February: A Rest in Beats Tribute to the Sounds of Nujabes,Funky DL,244000,0,3,,15
Flowering,Soundcraft,Bugseed,117000,0,3,,13
Voyage,The Break Of Dawn,Blue In Green,235000,0,3,,7
Ride,Midway,Freddie Joachim,189000,0,3,,8
Masquerade,Beat Installments,DJ Mitsu the Beats,234000,0,3,,17
Sweet Bitterness,Tribute To Jun 2,Reki,146000,0,4,,12
Jazz Meditation (DJ Ezasscul),Jazz Meditation Trilogy (Deluxe Edition),DJ Ezasscul,113000,0,2,,22
Holiday Nights (Nujabes Tribute),Trebla LP,DJ Sorama,273000,0,3,,14
Eternal Peace Pt. 2 (Nujabes Tribute) (feat. DJ Sorama),Jazz Meditation 3 : The Final Installment,DJ Ezasscul,249000,0,3,,9
Brooklyn Naruto,Mugen Swords,Kyo Itachi,170000,0,7,,1
Journey Part II (Nujabes Tribute),Floating Dream,PDP,198000,0,6,,2
Way of the Samurai,Lost Subject,Deceptikon,245000,5,29,,0
Ice Cream Knife Handle,Sea Inside Body,Kelpe,356000,0,4,,4
Open Nerve Farewells,Rivington Não Rio,Scott Herren,196000,0,6,,1
Upsetter,Burner,Odd Nosdam,221000,0,5,,2
Gunshotta,Vapor City,Machinedrum,346000,0,1,,18
Thank You All The Time Forever,Her Tears Taste Like Pears,Dorian Concept,218000,0,2,,22
Bread Machine Bred,Ex-Aquarium,Kelpe,254000,0,1,,17
Her Marshmallow Secret,When Planets Explode,Dorian Concept,245000,0,1,,12
Ask You,Serial Hodgepodge,Lusine,367000,0,1,,21
Canopy,Sensorimotor,Lusine,277000,0,1,,11
Awaiting the Green Morning,National Ignition,Ochre,269000,0,1,,19
Epitome,Metafiction,DFRNT,317000,0,2,,8
Grief,In The Wild,FaltyDL,217000,0,4,,5
Latch,Triangulation,Scuba,286000,0,1,,20
Paper Garden,Only Mountain,Take,236000,0,1,,10
Hoarse,Natura Morta,Cepia,258000,0,1,,23
Turf Day,Beat Dimensions Vol 2,Low Limit,253000,0,2,,14
Fyrepond,Dusker,KILN,256000,0,2,,9
56,Royal Astronomy,U-Ziq,227000,0,1,,16
So So Lovely,Full Circle,Shigeto,163000,0,7,,3
For Zofia Klimek  Gregory Crewdson,Dedications,Klimek,397000,0,2,,13
Search the Sky,Every Color of Darkness,Scott Herren,142000,0,2,,15
Flashback,Unbalance,2562,280000,0,2,,24
Channel Two,Aerial,2562,328000,0,3,,7
Sakura,The Goshi-Goshi Ojisan,Sekai No Zaki,172000,0,2,,24
Comic Zasshi Nanka Illkai,Geiger Counter Culture,Urbangarde,309000,0,0,,12
Reverse,Oni No Gyousou Kame Ban,Gusya Ningen,130000,0,1,,20
Katsushika Rhapsody,Ska Flavor Loves Anime Song Deluxe Edition,Runa Miyoshida,189000,0,0,,8
Je Ne Sais Pas Pourquoi,Sayonara Mata Raisede,boujour suzuki,222000,0,2,,14
Kaikou,Tamatsubakihime,Inugami Circus Dan,341000,0,1,,23
Sadist Daigaku Kouka,Good Job Baby,Brief  Trunks,116000,0,0,,3
トキメキセンチメンタル,退屈な夜はブギーを,Hamada Maron,312000,0,0,,9
Insomnia,CRITICAL SANDGLASS and AWE-SOME,MASUDA TOMOHIRO,270000,0,1,,19
Ghost Writer,Mental Healzu,Urbangarde,224000,0,1,,10
退屈な夜はブギーを,退屈な夜はブギーを,Hamada Maron,302000,0,8,,0
Ashitakara,Lets Dream Syougakkou,Paipai Dekami,242000,0,0,,11
Hikoukigumo,Celebration Ghibli Songs and More Plus,Q;indivi Starring Rin Oikawa,214000,0,1,,15
Watashi No Subete,Idle Bakari Pizzicato - Yasuharu Konishi × T-Palette Records -,VANILLA BEANS,154000,0,3,,1
Restaurant,inakamichi - EP,Masaru,173000,0,2,,17
DJ Chinese,Kakukakusikajika,einsteins,196000,0,1,,16
Iroha,Hayabusa,Spitz,179000,0,0,,5
Hero,Five Sheep,AkiraImai,223000,0,0,,4
Hoshi no Mieru Hareta Yoruni,Sukide Nayanderu Wakejiyanai,Marina Yamane,184000,0,2,,13
Inochi no Uta,Happacyann,Happacyann,213000,0,3,,2
Fe,Cana,Cana,183000,0,1,,18
Sweet Soul Revue,Idle Bakari Pizzicato - Yasuharu Konishi × T-Palette Records -,VANILLA BEANS,230000,0,1,,22
Kanarazu Onaji Tokorode,Dairi Haha,Omokage Lucky Hole,374000,0,0,,6
Usotsuki Musume,Blue Rondo,Mayumi Kojima,174000,0,0,,7
After Youve Gon,Thanks For The Memory,Ruth Etting,174000,0,5,,7
No No Nora (Remastered),The Masterpieces (Remastered),Eddie Cantor,187000,0,3,,8
I Love to Sing-A,I Love to Sing,Al Jolson,185000,0,2,,16
Dear Hearts And Gentle People,Bob Crosby and the Bobcats: The Complete Standard Transcriptions,Bob Crosby and the Bobcats,133000,0,13,,2
Mad About The Boy,I Wanna Be Loved,Helen Forrest,128000,5,25,,18
Life Is Just a Bowl of Cherries,The Best Jazz Hits of The Mills Brothers, Sidney Bechet, Lionel Hampton and Other Hits, Vol. 8 (125 Songs),The Mills Brothers,158000,0,5,,5
Aint She Sweet,Jimmy Lunceford - Harlem Shout,Jimmy Lunceford,148000,0,3,,19
Daddy Wont You Please Come Home,Sita Sings the Blues Soundtrack,Annette Hanshaw,179000,0,4,,6
Way Back Home,Way Back Home: The Best of Bob Crosby and the Bobcats,Bob Crosby  the Bobcats,174000,0,3,,17
Underneath the Arches,The Wedding of Lili Marlene,The Andrews Sisters,172000,0,3,,9
Goin Steady,The Joy Of Living - A Riddle Of Contrasts,Nelson Riddle,160000,0,2,,23
Mairzy Doats,The Merry Macs Sing Mairzy Doats,The Merry Macs,164000,0,3,,12
Wives And Lovers (Remastered),Ultra-Lounge: Wild, Cool  Swingin Too! Volume Fifteen,Vic Damone,151000,0,2,,21
Keepin Out Of Mischief Now,West Of The Moon,Lee Wiley,163000,0,4,,24
My Ideal,I Wanna Be Loved,Helen Forrest,121000,0,2,,14
All the Things You Are,Big Band Swing,Tommy Dorsey,203000,0,7,,1
The Girl I Left Behind Me,Ole Buttermilk Sky,Kay Kyser  His Orchestra,154000,0,3,,10
A Wonderful Guy,Tex Beneke And His Music In The Miller Mood,Tex Beneke,115000,0,27,,3
I Dont Want to Set the World on Fire,The Ink Spots,The Ink Spots,180000,0,4,,11
Jingle Jangle Jingle,You Know I Love You,Kay Kyser  His Orchestra,199000,5,27,,0
Button up Your Overcoat,Ooh Boop Be Doo,Helen Kane,179000,0,6,,13
Jamboree Jones,Dreams from the Sunny Side of the Street,The Pied Pipers,184000,0,6,,4
Makin Whoopee,Music Inspired By the Artist: 50 Classics from the Twenties,Eddie Cantor,195000,0,2,,15
Anything Goes,Timeless Songbooks: The Music of Cole Porter, Vol. 3,Cole Porter,185000,0,2,,22
Its a Sin to Tell a Lie,The Ink Spots,The Ink Spots,147000,0,5,,20
Beard (Bonus),Open Shut Them - EP,Akihito Kitakatsu,330000,0,3,,2
Murder Atmospheric,Angst,Keita Roimo,219000,0,7,,4
What Is Love?,The Materialized Garden,Dai,430000,0,0,,24
Flags,GEISHA BOY,T.M.Revolution,241000,0,0,,9
Healthy Merci,Viva Namida (Space Dandy Version),Yasuyuki Okamura,250000,0,0,,19
Spring Man,Lets Go to the Adventure Pool - EP,Skeleton Musume,301000,0,2,,15
Asue,Orange Street - EP,Yasushi Hashimoto,327000,0,0,,17
Sunrise,Hi Hi Puffy AmiYumi,Puffy AmiYumi,235000,0,0,,23
Literal,Literal - EP,eufonius,314000,0,4,,1
Yumechizu (feat. Gumi),Yumechizu (feat. Gumi),40mP,188000,0,2,,7
Sword summit,Cloud nine,T.M.Revolution,238000,0,2,,20
Choiwaru Oyajino Serenade,Choiwaru Oyajino Serenade,Yasuo Naitou,277000,0,6,,5
今日という日は今日のために,青い炎,浜野 誠,229000,0,4,,12
NEERI PLAY,Myahk,SATORU SHIMOJI,99000,0,0,,22
Boy in Ocean, And the End of the Sky,Marie De Trois Personnes,Mari Kamichika,252000,0,1,,8
Im a beast,Im a beast,Suara,228000,0,8,,0
Kurayami Kara Kita Fuan,Blaster Original Soundtrack,Kyohei Nishizawa,229000,0,1,,11
Killer,Riff-Rain,School Food Punishment,212000,0,4,,14
No.2 ~cotton time~,HOT TRIP ~special edit~,宮本浩次,222000,0,1,,13
Kokoronokori Kanashikute,Genchan Paradise -Maekawa Shuken to Yukaina nakama-,Shuken Maekawa,233000,0,0,,18
Easy Action,Exposed,Boom Boom Satellites,269000,0,2,Tak,16
These Things (feat. Dbridge),To Have  Have Not (Bonus Track Version),Jubei,335000,0,0,,19
Somewhere (feat. Agné Genyté),Famous Lost Words,Blu Mar Ten,346000,0,0,,3
Round Box,The Deep,Calibre,268000,5,31,,0
Common Ground (feat. Synkro),Presence,Tokyo Prose,306000,0,0,,16
Freefall,Generation EP2,Commix,350000,0,0,,4
Walk the Same Lines (feat. Riya),Classified V1,Total Science,320000,0,1,,6
1978 (Interlude),Looking at the Stars,Lenzman,119000,0,1,,20
Manchester Nights,Even If,Calibre,226000,0,0,,14
The Space Between,The Space Between,Bachelors Of Science,357000,0,2,,1
Passage of Time,Portfolio,Utah Jazz,187000,0,0,,12
Got My Mind Made Up,Golden Age,Lenzman,294000,0,4,,5
Intro,New Horizons ep,Bachelors Of Science,98000,0,2,,22
More to Give (feat. Tamara),The Mistress,SpectraSoul,222000,0,1,,9
Digital Dread,Fashion Dread,dBridge,311000,0,0,,13
Last Life in the Universe,Empire State,Blu Mar Ten,273000,0,1,,23
Just One Look feat. Charli Brix,Rituals,Enei,304000,0,1,,10
What You Had (Lenzman Remix) [feat. Steo],Forgotten Truths EP,Artificial Intelligence,331000,0,0,,15
Footloose,The Deep,Calibre,290000,0,8,,7
Unreal Adventures,Node 46 - EP,Seba,331000,0,0,,18
Me Myself And I,Even If,Calibre,250000,0,5,,24
Wacky Races,21,Marcus Intalex,311000,0,0,,2
Call to Mind,Call to Mind,Commix,232000,0,1,,21
Buggin,Delay No More,SpectraSoul,261000,0,0,,17
1984,1984,Alix Perez,334000,0,1,,8
The Swing Of Things,Scoundrel Days (Deluxe Edition),a-h&lt;i&gt;a,254000,0,0,,29
Just Cant Get Enough,The Singles 81-85,Depeche Mode,221000,0,1,,4
Love Is A Stranger (Remastered Version),Sweet Dreams (Are Made Of This),Eurythmics,224000,0,1,,1
Temptation,The Luxury Gap,Heaven 17,214000,0,0,,14
Imagination,Some People,Belouis Some,214000,0,0,,25
Say Hello, Wave Goodbye (7 Single Version),Non-Stop Erotic Cabaret,Soft Cell,323000,0,0,,38
Promised You A Miracle (Remastered 2001 / Edit),Celebrate (Greatest Hits / Expanded Edition),Simple Minds,240000,0,0,,23
Train Of Thought,Hunting High And Low (Deluxe Edition),a-h&lt;i&gt;a,254000,0,0,,11
Walking In The Rain,Island Life,Grace Jones,258000,0,0,,35
When A Heart Beats,Greatest Hits,Nik Kershaw,256000,0,0,,27
Love Resurrection,Alf,Alison Moyet,230000,0,0,Tak,8
Colourless Colour,La Roux,La Roux,208000,0,1,Tak,10
Im Not Your Toy,La Roux,La Roux,198000,0,2,Tak,30
Change,The Hurting,Tears for Fears,254000,0,0,,22
Who Needs Love Like That (2009 Remastered Version),Total Pop! - The First 40 Hits (Remastered),Erasure,187000,0,0,,31
Souvenir,The Best Of Orchestral Manoeuvres In The Dark,Orchestral Manoeuvres In The Dark,218000,0,0,,33
I Feel the Earth Move,MARTIKA,Martika,252000,0,0,,20
Its Alright (Babys Coming Back) (Remastered Version),Be Yourself Tonight,Eurythmics,227000,0,2,,39
Obsession,Obsession,Animotion,323000,0,0,,12
Slave To The Rhythm,Island Life,Grace Jones,261000,0,2,,0
Dont You Want Me,The Greatest Hits,The Human League,238000,0,1,Tak,6
Shake the Disease,The Singles 81-85,Depeche Mode,288000,0,0,,24
You Keep Me Hangin On,Another Step,Kim Wilde,255000,0,1,,18
Crocketts Theme,Miami Vice: The Complete Collection,Jan Hammer,216000,0,0,,34
All Cried Out,Alf,Alison Moyet,407000,0,0,Tak,37
Cambodia [Single Version],Select [plus bonus tracks],Kim Wilde,237000,0,0,,9
Fade To Grey,Fade To Grey: The Best Of Visage,Visage,231000,0,1,Tak,15
In For The Kill,La Roux,La Roux,248000,5,11,Tak,19
Doctor! Doctor!,Into The Gap,Thompson Twins,279000,0,0,,28
Enola Gay,The OMD Singles,Orchestral Manoeuvres In The Dark,212000,0,0,,13
My Jamaican Guy,Island Life,Grace Jones,359000,0,0,,17
I Cant Wait,Poolside,Nu Shooz,326000,0,1,,5
Bulletproof,La Roux,La Roux,205000,5,26,Tak,2
You Have Placed A Chill In My Heart (Remastered Version),Savage,Eurythmics,234000,0,0,,26
Never Say Never (Extended Version),Junto (Special Edition),Basement Jaxx,294000,0,32,,0
The Weekend (Radio Edit),The Weekend,Michael Gray,192000,0,8,Tak,1
Barbra Streisand,German Mixes,Duck Sauce,300000,0,26,,5
Levels,Levels,Avicii,338000,0,16,,3
Destination Calabria (feat. Crystal Waters) [Radio Edit],Destination Calabria (feat. Crystal Waters),Alex Gaudino,223000,0,25,,4
Call on Me (Radio Mix),Call on Me (Radio Mix),Eric Prydz,171000,0,17,,6
Satisfaction,The Biz,Benny Benassi,285000,0,22,,2
Danza Ritual Del Fuego,Maskarada,Taraf de Haïdouks,197000,0,3,,3
At My Mothers,Peoples Spring,Kapela ze Wsi Warszawa,256000,0,3,,6
Moon Trance,Naked Spirit,Sainkho,173000,0,2,,9
Two Lands, One Tribe,Back Tuva Future: The Adventure Begins,Ondar,201000,0,5,,1
Fly, Fly My Sadness,Fly, Fly My Sadness,The Bulgarian Voices,467000,0,2,,5
A Drunken Man,Best Collection of Chinese Traditional Music: Guqin,Sun Jingxiu,140000,0,4,,7
Khomuz Medley,The Orphans Lament,Huun-Huur-Tu,289000,0,3,,10
The Ambush (feat. Lu Pei-Yuan),Crate Music, Vol. 2,Chinese Traditional Group,394000,0,6,,2
Fantasy on the Igil,Tuva, Among the Spirits: Sound, Music, and Nature in Sahka and Tuva,Kaigal-ool Khovalyg,333000,0,2,,17
Little Yurt On The Prairie,Back Tuva Future: The Adventure Begins,Ondar,181000,0,2,,13
Ondarnyng Ayany (Ondars Medley),Genghis Blues,Kongar-ol Ondar,325000,0,3,,4
Call For Unity,Al Oud: Instruments  Vocal Music,Hamza El Din,244000,0,2,,14
Opei Yry,Voices from the Distant Steppe,Shu-de,209000,0,1,,16
Im Going Back To North Carolina,Wu Man and Friends,Wu Man,136000,0,2,,8
Naboma (ngombi Na Peke 3),Heart Of The Forest,Baka Beyond / Baka Forest People,144000,0,2,,11
Jove Malaj Mome,Ludo Luda,Csokolom,238000,0,1,,21
Slow Rain,Amulet,Sainkho Namtchylak,266000,0,1,,18
Yrlaazhyyly,Buura,Alash Ensemble,264000,0,3,,12
Freedom,Black Rock,Dżiwan Gasparian,329000,0,1,,23
Mountain Story,Fly, Fly My Sadness,The Bulgarian Voices,619000,0,2,,24
Amdy Baryp Hongan Cheri...,The Ways Of Nomad (The Best Of...),Yat-Kha,226000,5,18,,0
Bai-Taiga,Mother Earth! Father Sky!,Huun-Huur-Tu,262000,5,19,,19
Oainnáhus / Vision,Gierran,Wimme,222000,0,2,,15
Woy Bela,The Silk Road: A Musical Caravan,Nur Mahammat Tursun,136000,0,1,,22
We Baadin Ommaal,Hossam Ramzy: Sabla Tolo - Journeys Into Pure Egyptian Percussion,Hossam Ramzy,247000,0,1,,20
lattitude instrumental (Instrumental),Koolmotor Instrumentals,Five Deez,259000,0,4,,10
Sora ni shirarenu feat. Meiso,Two,Michita,310000,0,2,,22
Shoulder Kiss,Study Guide,Freddie Joachim,156000,0,10,,2
Silent Night,Diorama,Dj Okawari,233000,0,2,,21
backseat anonymous,Humanoid Erotica,fat jon,249000,0,3,,16
Various Randoms,Rapture Kontrolle,Fat Jon as Maurice Galactica,181000,0,4,,12
Chop (Nujabes Tribute),Sun Rays,God Sense,172000,0,5,,15
Eyes,Wave Motion,Fat Jon,233000,0,5,,8
Bridge over the stairs,Peace Of Soul,Kondor,175000,0,1,,23
Feelin Blue (R.I.P. Nujabes),Past Is Past,14?,130000,0,6,,7
Death Wish,Impression: Samurai Champloo OST,Force Of Nature,164000,0,4,,19
Heavenly Skies,Trebla LP,DJ Sorama,171000,0,3,,17
all in your mind,afterthought,fat jon,241000,0,11,,0
Deferred,Evolution Fight,Cyne,134000,0,0,,24
Peace and Love 2 (Interlude 1),globe trotter,LEMS,152000,0,4,,11
World Without Words,Impression: Samurai Champloo OST,Nujabes,372000,0,12,,6
Lucid,Peace of Mind,Kondor,148000,0,10,,3
Nocturne of Love,Melancholy Hopeful (Instrumental Version),Marcus D,256000,0,7,,4
Fate,Beautiful Killing Machine,Beautiful Killing Machine,240000,0,1,,20
Its a New Day,Windmills of the Soul,Kero One,265000,0,5,,9
Night Poetry,Endless Memories,Reki,366000,0,2,,18
Little Piano,Alone Journey,Blazo,110000,0,10,,5
Jazzmatic (feat. Steph the Sapphic Songstress),Substantial  Marcus D Are Bop Alloy,Bop Alloy,176000,0,5,,13
Me,Sepalcure,Sepalcure,263000,0,4,,13
It Was Whatever,Bad Vibes,Shlohmo,244000,5,16,,3
Glass Swords,Glass Swords,Rustie,140000,0,1,,22
World War,Anxiety,Autre Ne Veut,342000,1,5,,2
Recollections of the Wraith,Celeste  Jesse Forever (Original Motion Picture Soundtrack),Shabazz Palaces,215000,0,2,,7
Tenfold (mixed),DJ-Kicks,Thundercat,117000,0,3,,24
your tears,no world,Inc.,90000,0,6,,1
When I Was In Trouble,Total Loss,How To Dress Well,202000,5,8,,9
NY pt. 1,E s t a r a,Teebs,205000,0,5,,15
Heatwave,SBTRKT,SBTRKT,173000,0,2,,5
Slow,Cold Spring Fault Less Youth,Mount Kimbie,199000,0,2,,8
New Colour,Galaxy Garden,Lone,278000,0,2,,14
Already There (feat. Thundercat  Robert Glasper),Early Riser,Taylor McFerrin,180000,0,4,,6
Postpartum,Early Riser,Taylor McFerrin,238000,0,1,,21
Cola,Anything In Return,Toro y moi,213000,0,8,,16
Coronus, the Terminator,Youre Dead,Flying Lotus,160155,5,23,,10
Focused Chaos,Half Shadows,TOKiMONSTA,181000,0,4,,11
The Noose of Jah City,King Krule,King Krule,241000,0,2,,17
Canal,So It Goes,RATKING,183000,0,3,,19
Lace Skull,Tawk Tomahawk,Hiatus Kaiyote,240000,0,2,,23
All The Secrets,Until The Quiet Comes,Flying Lotus,116000,0,2,,18
Fetch,Fetch / Taken,Les Sins,323000,0,2,,12
Feel Good Inc,Demon Days,Gorillaz,222000,0,6,,4
Anywhere in the World (Radio Edit),Anywhere in the World (Radio Edit),Katy B,233000,0,0,,23
Put Your Records On,Corinne Bailey Rae,Corinne Bailey Rae,215000,0,1,,8
Here I Come (Album Version Explicit) (feat. Dice Raw  Malik B.),Game Theory,The Roots,251000,0,0,,18
It Aint Over Til Its Over (Remastered 2012),Mama Said (Deluxe Edition),Lenny Kravitz,242000,5,18,,7
Steady as She Goes,Broken Boy Soldiers,The Raconteurs,215000,0,2,,14
White Flag (Radio Edit),White Flag,Dido,216000,0,2,,2
One More Time,Discovery,Daft Punk,320000,0,0,,20
Funhouse (Main Version - Clean),La Guestlist,Pink,203000,0,0,,11
Who Cares ?,St. Elsewhere,Gnarls Barkley,147000,0,5,,0
Beautiful,Stripped,Christina Aguilera,238000,0,0,,9
New Shoes,These Streets,Paolo Nutini,201000,0,0,,22
Bombs Over Baghdad,Live From Los Angeles,Outkast,352000,0,0,,15
Sweet About Me,Lessons To Be Learned,Gabriella Cilmi,202000,0,0,,16
Time Is Running Out,Absolution,Muse,237000,0,0,,10
Slow Country,Gorillaz,Gorillaz,217000,0,4,,21
Pump It,Monkey Business,The Black Eyed Peas,213000,0,1,,5
Coleen (EL-B Remix),Coleen (Remixes),The Heavy,313000,0,0,,12
Give It To Me (Album Version Edited) (feat. Justin Timberlake  Nelly Furtado),Shock Value,Timbaland,212000,0,0,,13
American Boy [Feat. Kanye West] (Album Version),Shine,Estelle,284000,0,0,,17
Bleeding Love (Radio Edit),LOVE,Leona Lewis,239000,0,1,,24
Ezios Theme (From Assassins Creed II) (Orchestral Mix),Lost Treasures - 50 Great Themes from Fantasy Movies and Games,Nostromo Pilots,160000,0,1,,12
Tsuru no Sugomori (Nesting Cranes),Japanese Traditional Flute for Meditation: Zen Shakuhachi Vol 2,Alcvin Takegawa Ramos,478000,0,0,,13
Coal Miners Song (Tanko Bushi),Popular Koto Melodies Of Japan (Remastered),Toshiko Yonekawa,127000,0,2,,23
Akikaze No Kyoku,18th Century Traditional Music of Japan (Digitally Remastered),Keiko Matsuo and Her Ensemble,132000,0,10,,0
Kushimoto-Bushi,Popular Koto Melodies Of Japan (Remastered),Toshiko Yonekawa,203000,0,4,,9
Za Zen (Meditation),Music For Zen Meditation And Other Joys,Tony Scott,122000,0,0,,15
Harvest,Joji Hirota and the Taiko Drummers: Japanese Taiko,Joji Hirota Taiko Drummers,471000,0,4,,14
A Ri Rang,Traditional Music Of The Japanese Geisha,Hideo Osaka Ensemble,98000,5,20,,3
Choshi (Meian Priests),Buddhist Drums, Bells and Chants for Relaxation (Recorded In the Temples of Kyoto, Japan),Buddhism Master,189000,0,1,,22
Koto Music - 12th Century to 18th Century (Chidori No Kyoku),Japanese Traditional Music,Izumi-kai Original Instrumental Group,239000,0,1,,20
Four Seasons In Kyoto (Gion Kouta),Popular Koto Melodies Of Japan (Remastered),Toshiko Yonekawa,186000,0,2,,8
First Image,East Wind,Uttara-Kuru,138000,0,2,,17
Carnaval Parde,Samba Drums,Samba Drums,100000,0,6,,4
Carrying You,Studio Ghibli Music Box Collection OTOHAKO,Kyoto Music Box Ensemble,190000,0,2,,10
Peaceful Storm,3 Hours Sleep Music: Songs for Sleep  Relaxtion,Sleep Tribe,121000,0,1,,11
Leaving Home,Fujiyama,Denys Rohfritsch,144000,0,8,,5
Zen Meditation,Asian Zen Meditation - Instrumental Music for Meditation, Relaxation and Yoga Oriental Music for Massage and Relaxation,Asian Zen Meditation,348000,0,1,,16
Riukiu Bushi,Musique Japonaise - Musique Traditionnelle Japonaise. Musique Relaxation, Musique Calme avec Koto,Musique Japonaise Ensemble,157000,0,0,,19
Ho Ho Hotaru Koi I,Lullaby,Mizuyo Komiya,232000,0,6,,6
Thunderstorm,Eleven Centuries Of Traditional Chinese Music,Chinese Traditional Group,183000,0,5,,7
Midare,Japan - Traditional Music,Kitahara,574000,0,14,,21
Koto Kyoto,Chinese and Japanese Koto Harp and Shakuhachi Flute Music,Chinese and Japanese Koto Harp and Shakuhachi Flute Music,91000,0,6,,1
Sanya,Shakuhachi - The Japanese Flute,Kohachiro Miyata,398000,0,2,,24
Carolans Farewell to Music,Irlande - Ireland (Air Mail Music Collection),Irish Traditional,115000,0,5,,2
Stevies (Days of a Gun),Quixotic,Martina Topley-Bird,272000,0,4,,2
Tempa Tempa (feat. Verb T),Jehst Presents Underworld Epics,Jehst,261000,0,0,,22
Beautiful Flowers (feat. Dwight Trible, Prince Po  Yusef Lateef),With Voices,Ammoncontact feat. Prince Po, Yusef Lateef and Dwight Trible,213000,0,0,,20
Silent Weapon (feat. Cutty Ranks),Get Over It,The Nextmen,313000,0,0,,16
For the Haters,Freakishly Strong,Dirty Diggers,322000,0,0,,14
A Tale Of Two Bitties,Flowtation Device,Abdominal  Dj Fase,385000,0,4,,3
Midnight In A Perfect World (Gab Mix),Endtroducing (Deluxe Edition),DJ Shadow,295000,0,0,,24
Fever,Brand New Second Hand,Roots Manuva,240000,0,4,,0
Night Night Theme,Gun Hill Road,The Infesticons,246000,0,1,,21
Every Home A Prison (feat. Jello Biafra),Let Us Play,Coldcut,423000,0,0,,10
Hit Song,Music for the Mature B-Boy,DJ Format,285000,0,0,,13
The Ageing Young Rebel (Gentle Cruelty) (feat. Ken Nordine),Xen Cuts,DJ Food,508000,0,1,,6
Superhero Music,Superhero Music,Fingathing,351000,0,0,,18
Stick  Move (feat. Robotic EBU),Understanding,New Flesh,205000,0,4,,1
Distorted Minds (feat. Juice Aleem),Master-View,Hexstatic feat. Juice Aleem,208000,0,1,,7
Combustible (feat. Gift Of Gab),USSR: The Art of Listening,DJ Vadim feat. Gift Of Gab,193000,0,0,,11
Sum Ah Dem,Kik Off,Blak Twang,286000,0,2,,4
Balcony Beach - Lyrics Born feat. Joyo Velarde,SoleSides Greatest Bumps,Quannum Projects,313000,0,0,,17
Searching (Instrumental),Searching,Speech Debelle,214000,0,0,,15
Spat,The Audiences Listening (U.S. Version),Cut Chemist,141000,0,2,,8
Big Black Boots,Homegrown - Volume 1,Rodney P,192000,0,2,,5
Percolator,Lotek Hi-Fi,Lotek Hi-Fi,200000,0,0,,19
Finished I Aint,Peanut Butter Blues and Melancholy Jam,Ghostpoet,260000,0,0,,23
Act Too (The Love Of My Life) (Album Version Explicit),Things Fall Apart,The Roots,294000,0,1,,9
Unsayable,Charcoal,Brambles,172000,0,8,,16
Andréas Hands II,Nuage,Sylvain Chauveau,182000,5,15,,13
The Uncanny,Fatalist: The Repetition of History,Field Rotation,465000,5,25,,12
Unter,Felt,Nils Frahm,157000,0,3,,23
Break in,Disconnect (Henry Alex Rubins Original Motion Picture Soundtrack),Max Richter,208000,0,8,,7
Le Viti Del Mondo,The North Green Down,Dakota Suite,323000,0,8,,10
The Deep and Lovely Quiet,The Reconstruction of Fives,Bersarin Quartett,250000,0,13,,15
A Heavy Leg Cycle,Pine,Olan Mill,121000,0,17,,0
Nightlight,Sea,Last Days,222000,0,7,,14
Grounds,Escapement,Poppy Ackroyd,284000,0,9,,19
What Was Meant to Be,Gimme Shelter (Original Motion Picture Soundtrack),Ólafur Arnalds,131000,0,15,,3
Secret Room,The Houseboat and the Moon,Federico Albanese,276000,0,15,,1
Fractal,Daydreaming,Rafael Anton Irisarri,298000,0,14,,4
Keep Watch,Spells,Ben Lukas Boysen,362000,0,7,,9
Whiten,Without Sinking,Hildur Gudnadottir,291000,5,19,,8
Many Things,Branches,Keith Kenniff,90000,0,10,,20
The Clearing,Pale Ravine,Deaf Center,252000,5,31,,24
Ro To,Pinô,Otto A Totland,141000,0,16,,2
Thread,Pale Ravine,Deaf Center,219000,0,5,,22
Slumber,And Tomorrow I Will Sleep,Field Rotation,194000,0,19,,25
Industry vs. Inferiority,Until the Point of Hushed Support,Greg Haines,252000,0,8,,11
Ceasefire,Docile,Peter Broderick,227000,0,10,,5
Patience Is A Virtue,Rest,Clem Leek,119000,0,7,,21
Cardiff,Substantial,Volker Bertelmann,127000,0,12,,6
Thunder Road,Born To Run,Bruce Springsteen,288000,0,0,,24
Something in the Way She Moves,Greatest Hits,James Taylor,189000,0,1,,21
Watching The Wheels,Power To The People: The Hits,John Lennon,211000,0,6,,9
Shes Always a Woman,The Stranger,Billy Joel,201000,0,4,,10
China Grove (2006 Remaster),Best Of The Doobies,The Doobie Brothers,194000,0,0,,20
Maybe I’m Amazed (Remastered 2011),McCartney,Paul McCartney,229000,0,4,,12
Take Me Home, Country Roads,Poems, Prayers and Promises,John Denver,188000,0,6,,15
In the Air Tonight (2015 Remaster),Face Value (Remastered),Phil Collins,335000,0,6,,7
The Longest Time,An Innocent Man,Billy Joel,217000,0,5,,14
Cracklin Rosie (Single Version),Tap Root Manuscript,Neil Diamond,179000,0,6,,8
Under Pressure (Remastered) (feat. David Bowie),Hot Space (2011 Remaster),Queen,248000,0,12,,4
You Can Call Me Al,Graceland (25th Anniversary Deluxe Edition),Paul Simon,280000,0,5,,11
Breakfast In America (Remastered),Breakfast In America (Remastered),Supertramp,159000,0,1,,23
Here Comes The Sun (Remastered 2009),The Beatles 1967 - 1970 (Remastered),The Beatles,187000,0,8,,6
Come Sail Away,The Grand Illusion,Styx,367000,0,4,,16
Have You Ever Seen The Rain?,The Complete Collection (The 40th Anniversary Edition Reissues),Creedence Clearwater Revival,160000,0,3,,18
Piano Man,Piano Man (Legacy Edition),Billy Joel,339000,0,28,,0
Ohio,So Far,Crosby, Stills, Nash  Young,183000,0,4,,13
Running On Empty (LP Version),Running On Empty,Jackson Browne,298000,0,5,,2
I Got a Name,Lovers Cross,Jim Croce,192000,5,13,,17
Your Song (Remastered),Diamonds (Deluxe),Elton John,243000,0,1,,22
Goodbye Yellow Brick Road (Remastered 2014),Goodbye Yellow Brick Road (Remastered),Elton John,192000,0,1,,1
My Life,52nd Street,Billy Joel,284000,0,1,,19
Separate Ways (Worlds Apart),Frontiers (Deluxe),Journey,323000,0,4,,3
Dancing in the Moonlight 2 (Olcott Version),Dancing in the Moonlight 2 (Olcott Version),King Harvest,184000,0,4,,5
No Voodoo,Allah-Las,Allah-Las,181000,0,3,,13
Everybody’s Talking ‘Bout The All-American,Let The Good Times Roll,JD McPherson,131000,0,2,,11
An Honest Man,Fantastic Negrito Deluxe EP,Fantastic Negrito,246000,0,4,,7
Hurricane (feat. Menahan Street Band),Victim of Love,Charles Bradley,212000,0,6,,0
In the Woods,Emma Jean,Lee Fields  The Expressions,209000,0,2,,22
Firewalker,Tropicoso,Jungle Fire,233000,0,5,,1
Grass Is Greener,Half the City,St. Paul  The Broken Bones,254000,0,1,Tak,16
On the Sly,4,The Bamboos,217000,0,3,,14
(Baby) Hold On,Hold On!,The James Hunter Six,165000,0,2,,19
This Songs for You (Alt Mix),Loose Change,El Michels Affair,157000,0,4,,6
Hold Tight,Mean Love,Sinkane,197000,0,1,Tak,18
Times All Gone Pt. 2,Times All Gone,Nick Waterhouse,129000,0,3,,9
Love Bug Blues (feat. Menahan Street Band),Victim of Love,Charles Bradley,180000,0,4,,24
Backstabber,Heroine Lovestruck,Beans  Fatback,160000,0,2,,17
New Shoes,Soul Time!,Sharon Jones  The Dap Kings,138000,0,5,,2
Its Coming Up Again,The Electric Word,The Relatives,199000,0,2,,12
Stone by Stone,Stone by Stone,Ikebe Shakedown,208000,0,4,,5
Straighten Out,Deep Street Soul,Deep Street Soul,167000,0,2,,20
Luckiest Man,Idle No More,King Khan And The Shrines,223000,0,2,,21
Please Dont Do It Again,Lady,Lady Wray,191000,0,5,,4
Thunderclap,Thunderclap,The Dap-Kings,176000,0,4,,8
Castaway,Soul Power,Curtis Harding,220000,0,4,,3
Trail of Tears,Burnt Offering,The Budos Band,162000,0,2,,23
The Missing Suitcase,Very Mercenary,The Herbaliser,333000,0,8,,6
Poseathon,Hed Phone Sex,Funki Porcini,339000,0,2,,22
Xtal,Selected Ambient Works 85-92,Aphex Twin,293000,0,1,Tak,23
Youve got Maelstrom,Music By Cavelight,Blockhead,287000,0,6,,15
2266 Cambridge (feat. Thes One),The Audiences Listening (U.S. Version),Cut Chemist,154000,0,3,,19
Bloodstain (feat. Alice Temple),Psyence Fiction,Unkle,356000,0,9,,2
Nightlife,Permutation,Amon Tobin,389000,0,5,,13
Half Day Closing (Live),Roseland NYC Live,Portishead,252000,0,5,,14
Movements (Live at Inside Tracks),Xen Cuts,Roots Manuva,265000,5,20,,11
Ug,Trouser Jazz,Mr. Scruff,273000,0,6,,8
Giving Up The Ghost,The Private Press,DJ Shadow,389000,5,36,,0
Winning Style,Decksandrumsandrockandroll (US Edition),Propellerheads,358000,0,2,,18
Iced Lightning,Since We Last Spoke: Deluxe,RJD2,246000,0,3,,21
Damn,In A Space Outta Sound,Nightmares On Wax,458000,0,3,,20
Eternal Feedback (Sly),No Protection,Massive Attack,386000,0,5,,10
Hinterland,Hinterland,Aim,314000,0,5,,12
Everyday,Every Day,The Cinematic Orchestra,618574,0,11,,16
Five Minutes Away,Vocal Studies + Uprock Narratives,Scott Herren,195000,0,6,,4
Storm Warning (feat. Lyrics Born, Maroons, Joyo Velarde, Erinn Anova, The Poets of Rhythm, Divine Styler, El-P of Company Flow  Jurassic 5),Quannum Spectrum,Quannum Projects,345000,5,15,,3
Domination,Peace Orchestra,Peace Orchestra,515000,0,2,,24
Telemetron,Master-View,Hexstatic,267000,0,4,,9
More Dance Music,Some Of My Best Friends Are DJs,Kid Koala,279000,0,7,,5
June 9th,Hi Scores,Boards of Canada,318000,0,5,,7
All You Got,Even If,Calibre,358000,0,13,,1
Even If,Even If,Calibre,454000,0,15,,0
Ego,Balance 020 (Mixed By Deetron),Burial,404000,5,4,,2
The Missing Suitcase,Very Mercenary,The Herbaliser,333000,0,8,,4
on the one  three,Bongos, Bleeps  Basslines,zero dB,337000,0,1,,18
Theme From The Conquest Of The Irrational (The Prunes Remix),USSR Reconstruction,DJ Vadim,282000,0,6,,11
Rebel Satellite,Rebel Radio Master Sessions Vol.1,Up, Bustle  Out,351000,0,1,,2
Slacker,Maim That Tune,Fila Brazillia,670000,0,2,,19
Restless,I Was Young and I Needed The Money,The Clifford Gilberto Rhythm Combination,332000,0,5,,13
We Milk Life But Dress Smooth,Useless Wooden Toys,Jon Kennedy,193000,0,2,,8
Wicked, Cruel, Nasty  Bad,Hed Phone Sex,Funki Porcini,316000,0,1,,1
Sweetsmoke,Trouser Jazz,Mr. Scruff,245000,0,2,,24
Interlude,Kaku-Sei,DJ Krush,126000,0,3,,12
Black Jesus,Paradise Blown,9 Lazy 9,245000,0,5,,22
Biofeedback,A Word Of Science,Nightmares On Wax,321000,0,2,,15
Swings  Roundabouts,Dynamism,Dynamic Syncopation,214000,0,1,,20
THE GHOST OF HENRY,Motion Without Pain,Baby Mammoth,280000,0,1,,7
Weasenstein,Spaghettification,Chocolate Weasel,316000,0,10,,14
Perfect Bird,Master-View,Hexstatic,243000,5,19,,6
Whos Got The Bacon?,Turn The Dark Off,Howie B,264000,0,1,,10
Friends And Ennemies,Substances,DJ Cam,388000,0,2,,3
Big Six,Sweet Jones,9 Lazy 9,243000,0,2,,0
The Good Life,London Funk Volume 1,London Funk Allstars,149000,0,2,,9
Faustian Bargain (Original Mix),Beats Means Highs,The Solid Doctor,323000,0,1,,23
Perfect Day,Transformer,Lou Reed,224000,0,30,,0
Under Pressure (Remastered) (feat. David Bowie),Hot Space (2011 Remaster),Queen,248000,0,12,,6
Space Oddity,The Deram Anthology 1966 - 1968,David Bowie,226000,0,19,,3
Youre My Best Friend (Remastered 2011),A Night At The Opera (2011 Remaster),Queen,170000,0,16,,5
Piano Man,Piano Man (Legacy Edition),Billy Joel,339000,0,28,,4
Avalon (Remastered),Avalon,Roxy Music,256000,0,19,,2
Starman,The Rise And Fall Of Ziggy Stardust And The Spiders From Mars (2012 Remastered Version),David Bowie,254000,5,44,,7
A Kind Of Magic (Remastered 2011),A Kind Of Magic (Deluxe Edition 2011 Remaster),Queen,264000,0,21,,1
Cat People,Adventures in Foam,Cujo,355000,0,28,,1
The Woodworm,Sweet Jones,9 Lazy 9,314000,0,7,,24
Temple of Gloom,Carpal Tunnel Syndrome,Kid Koala,256000,0,10,,9
Univearth,Jaku,DJ Krush,319000,0,27,,6
Lithuania,A Living Room Hush,Jaga Jazzist,518000,0,7,,17
Beginningless,Fire Shepherds,Loka,164000,0,8,,14
Nightbeat 1,Midnight Sound,Flanger,233000,0,40,,0
Moog River,On,Funki Porcini,195000,0,7,,18
Scratchy Noise,Remedies,The Herbaliser,438000,0,9,,5
Music By Cavelight,Music By Cavelight,Blockhead,250000,0,6,,21
Comatose Luck,Amateur Girlfriends Go Proskirt Agents,Xploding Plastix,219000,0,10,,4
Pulse,Master-View,Hexstatic,244000,0,9,,10
Saddlebags,All Out Fall Out,Pest,310000,0,5,,22
I Wish I Was A Motown Star,I Was Young and I Needed The Money,The Clifford Gilberto Rhythm Combination,245000,5,23,,23
The Funeral,Songs for My Funeral,Nostalgia 77,295000,0,7,,16
Weasenstein,Spaghettification,Chocolate Weasel,316000,0,10,,11
Clay Pot,Designs  Mistakes,Animals On Wheels,455000,0,10,,3
Prelude to Happening,Mishaps Happening,Quantic,388000,0,12,,8
The Schematics (Part Mie - Jamie Hodge Remix),USSR Reconstruction,DJ Vadim,196000,0,9,,12
Zamami,Double Figure,Plaid,245000,0,7,,15
...Steel For Humans,The Witcher 3: Wild Hunt (Original Game Soundtrack),Percival Schuttenbach,87000,0,3,,25
Undergrowth,Night Walks,Hidden Orchestra,366000,0,11,,7
Dare,Transformers The Movie,Stan Bush,241000,0,12,,8
Kung Fu Fighting,The Soul of the Kung Fu Fighter,Carl Douglas,197000,0,7,,13
Youre The Best,The Karate Kid: The Original Motion Picture Soundtrack,Joe Bean Esposito,179000,0,18,,1
Eye of the Tiger,Rocky IV,Survivor,245000,0,4,,11
Call Any Vegetable,Absolutely Free,Frank Zappa,134000,0,11,,5
Youve Got a Friend in Me,Toy Story Original Soundtrack (English Version),Randy Newman,124000,0,12,,6
Old Man,Greatest Hits,Neil Young,202000,0,26,,2
True Survivor (From Kung Fury),True Survivor (From Kung Fury),David Hasselhoff,220000,0,19,,9
Gonna Fly Now (Theme From Rocky / Remastered),Rocky (Original Motion Picture Score),Bill Conti,167000,0,4,,12
The Touch,Transformers The Movie,Stan Bush,236000,0,26,,0
Bulletproof,La Roux,La Roux,205000,5,26,,4
Circular,Without Sinking,Hildur Gudnadottir,258000,0,4,,47
Glitch,Amber,Autechre,375000,0,0,,14
Cybotron,Dub Chamber 3,Bill Laswell,566000,0,1,,11
Acoustic Tale 3,Acoustic Tales,Field Rotation,259000,0,5,,49
Lobby,Pale Ravine,Deaf Center,181000,0,7,,34
Counter Attack,Mirages,Tim Hecker,133000,0,4,,31
First Light (2004 Digital Remaster),Ambient 2: The Plateaux Of Mirror,Harold Budd,426000,0,4,,3
Katrina Outtake,Some Days Are Better Than Others,Matthew Robert Cooper,151000,0,4,,32
Sleep Deprivation 1,Music For Real Airports,The Black Dog,293000,0,3,,6
U.F.Orb,U.F.Orb,The Orb,368000,0,1,,21
The Chairs Story,New And Rediscovered Musical Instruments,David Toop,210000,0,0,,18
The Deep and Lovely Quiet,The Reconstruction of Fives,Bersarin Quartett,250000,0,13,,38
Diable Marin,Submers,loscil,255000,0,5,,30
Time To Find Me (AFX Fast Mix),Pure, Impure,Seefeel,457000,0,4,,4
Silberfisch,3,Pole,396000,0,0,,10
Prospekt Vernatskogo,Kesto (234.48:4),Pan Sonic,143000,0,0,,15
Antennaria,Substrata 2,Geir Jenssen,304000,0,5,,2
Towers Rise To The Sky,Tribes At The Temple Of Silence,Bvdub,497000,1,3,,42
From a Solid To a Liquid,Dropsonde,Geir Jenssen,318000,0,1,,20
Lamp Mien,Pale Ravine,Deaf Center,238000,0,6,,45
Flak,Lifeforms,The Future Sound of London,293000,0,0,,9
The Box,Hypersona,36,295000,0,5,,33
Slow Loris Versus Poison Snail,Pink Noir,David Toop,563000,0,4,,7
Come,Virtual State,Richard H. Kirk,482000,0,1,,19
Psil-cosyin,Spanners,The Black Dog,634000,0,1,,23
The Prelude To,A Colour For Autumn,I/O,136000,0,4,,37
By This River (2004 Digital Remaster),Before And After Science,Brian Eno,183000,0,0,,16
Their Memories (2005 Digital Remaster),The Pearl,Harold Budd / Brian Eno,177000,0,0,,17
Girl Nap,The Effective Disconnect,Brian McBride,231000,0,7,,35
The Funeral,Carte-De-Visite,Stars of the Lid,147000,0,4,,43
Fifth Anchor Span,Sketches from New Brighton,loscil,349000,0,3,,44
The Clearing,Pale Ravine,Deaf Center,252000,5,31,,26
Outlands,Adventures Beyond The Ultraworld,The Orb,503000,0,7,,5
The Tired Diary ([Edit] [By Greg Haines]),Silva,Greg Haines,217000,0,5,,39
Hagoromo,Sakura,Ebi,232000,0,0,,13
V (Rivers),Le Fumeur De Ciel,Julien Neto,297000,0,3,,46
Slumber,And Tomorrow I Will Sleep,Field Rotation,194000,0,19,,27
Antennaria,Substrata + Man with a Movie Camera,Geir Jenssen,304000,0,4,,40
Lachen,1,Pole,450000,0,1,,22
Melancholia XIII,Melancholia,William Basinski,120000,0,7,,36
Lumberton,Daydreaming,Rafael Anton Irisarri,297000,0,7,,29
Splénétique (Bonus Track),It All Falls Apart,The Sight Below,302000,0,4,,41
Postponed Mindfulness,Pine,Olan Mill,114000,0,10,,28
Cristal Bollore,Present,Sun Electric,450000,0,0,,25
Soft Cavities,Black Chamber,David Toop,348000,0,10,,0
Nepenthe,Satellite,Last Days,182000,0,5,,48
Poison Incense,Black Chamber,David Toop,217000,0,7,,1
Her Rituals,The Unintentional Sea,Rafael Anton Irisarri,421000,0,6,,50
Spreewald,Present,Sun Electric,268000,0,2,,8
Aqua Domain,Mana Pool,VAPERROR,137000,0,0,,44
Polytravellers B,Polytravellers,Vektroid,584000,0,0,,93
Disk Space,Best of Dream Catalogue, 2814-2815,CVLTVRΣ,163000,0,0,,94
When Im Gone,Skyscraper Anonymous,Yung Bae,134000,0,1,,21
Esprit.Wav,Virtua.Zip,ESPRIT 空想,210000,0,1,,4
Babylon (feat. Replica Federation),Neotokyolive30xx,King Quartz,106000,0,0,,91
I See You,Falling into Place,Home,163000,0,0,,28
BEACH,Summer Paradise,architecture in tokyo,96000,0,0,,22
疑い,世界大戦OLYMPICS,deaths dynamic shroud.wmv,181000,0,0,,18
If Im Wrong,Before the Night,Home,175000,0,1,,49
Before the Rain,Rain Temple,2814,433000,0,3,,47
Pizza Day,Summer Night,ESPRIT 空想,164000,0,0,,45
City Lights (feat. Kamei),SAILORWAVE II,MACROSS 82-99,131000,0,0,,25
The Inevitable Release,Best of Dream Catalogue, 2814-2815,Shima33,97000,0,0,,19
Ash (feat. Libano),CHAM!,MACROSS 82-99, Libano,149000,0,1,,83
Beach Body,Summer Love,Dan Mason ダン·メイソン,160000,0,1,,80
Endless Jump,Seed  Synthetic Earth,Vektroid,223000,0,0,,42
City Nightlife (Original Mix),Royal Club, Vol. 3,Architecture In Tokyo  Macross 82-99,216000,0,0,,8
Tropical Resort,Mana Pool,VAPERROR,168000,0,0,,58
Your Touch,Deep Fantasy,Surfing,305000,0,1,,69
The Crying Game,Pure Gold,18 Carat Affair,126000,0,1,,95
V. Metropolis 大都市,OSV: Original Sound Version,R23X,144000,0,2,,54
Daydream,Girls Only,ESPRIT 空想,162000,0,0,,16
Pelican Self Storage [Tilaa Kaikelle],ショップ @ ヘルシンキ,猫 シ Corp.,151000,0,2,,78
Dance by Myself (feat. Marionismagical),FrankJavCee, Vol. 2,FrankJavCee,166000,0,0,,35
Peter.Wav,Virtua.Zip,ESPRIT 空想,107000,0,1,,32
Attention 4 Money,FrankJavCee, Vol. 2,FrankJavCee,102000,0,0,,82
Eternal Champ,Eternal Champ,Sweet Valley,139000,0,0,,98
To New York with Love,With Love,luxury elite,131000,0,0,,31
New Sun,Pillar / New Sun,2814,601000,0,1,,63
Watching Your Dance,Vintage Romance,18 Carat Affair,172000,0,0,,40
00F374 Carbon Universe 1,Acid Arcadia,VAPERROR,119000,0,1,,75
Vengeance,Controversial,Luxury Elite,167000,0,1,,87
One,Eternal Champ,Sweet Valley,172000,0,1,,7
Underwater,Metro City,Vantage,91000,0,0,,41
Island,With Love,luxury elite,106000,0,1,,5
Intro,Distance,bl00dwave,120000,0,0,,17
Holding Your Hand (feat. Atlas),Skyscraper Anonymous,Yung Bae,133000,0,1,,64
Sky High,Deep Fantasy,Surfing,199000,0,0,,34
900X Fighter Engine,Acid Arcadia,VAPERROR,124000,0,0,,30
Kaleidoscopics,Pure Gold,18 Carat Affair,100000,0,1,,65
I Miss You (feat. Roman),CHAM!,MACROSS 82-99, Roman,166000,0,1,,73
Motorcycle Renegade,Eternal Champ,Sweet Valley,134000,0,0,,56
Cant Do This by Myself (feat. Marionismagical),FrankJavCee, Vol. 2,FrankJavCee,125000,0,1,,50
Horsey (feat. Sarah Bonito),Idols, Sakura,MACROSS 82-99,151000,0,0,,0
Sentimental Trash,Eternal Champ,Sweet Valley,186000,0,0,,39
Guided by Love,Rain Temple,2814,360000,0,2,,37
Miss Macross,CHAM!,MACROSS 82-99,149000,0,1,,43
Cimarron,Controversial,Luxury Elite,178000,0,0,,46
Ghost,HK,HKE,398000,0,0,,89
No Harm,Eternal Champ,Sweet Valley,147000,0,0,,26
Infinity Ring,Capital Customer,Pza,107000,0,1,,70
808 Dreams,Mana Pool,VAPERROR,162000,0,2,,2
Senegal,Deep Fantasy,Surfing,169000,0,0,,11
I Want Your Love,Bae,Yung Bae,120000,0,1,,38
Adults With Dreams (feat. Marionis Magical),FrankJavCee Collection, Vol. 1, Pt. II,FrankJavCee,188000,0,1,,68
Hurt,Distance,bl00dwave,116000,0,0,,33
Satisfy,Bae,Yung Bae,154000,0,1,,85
Chaos Speed,Eternal Champ,Sweet Valley,201000,0,1,,84
Modus Operandi,Pure Gold,18 Carat Affair,134000,0,1,,53
Dimethyltryptamine,Creating Your World,TRIAD RESEARCH LABORATORIES,137000,0,1,,81
Savage Af,Capital Customer,Pza,169000,0,0,,36
Jon Benet,Pure Gold,18 Carat Affair,166000,0,0,,27
Pyxis,Before the Night,Home,217000,0,0,,10
Lady,Skyscraper Anonymous,Yung Bae,169000,0,0,,96
Love House,FrankJavCee, Vol. 2,FrankJavCee,180000,0,0,,14
Moonlit Cruise,Shrines,Infinity Frequencies,121000,0,0,,29
Dream Paralysis,Creating Your World,TRIAD RESEARCH LABORATORIES,109000,0,1,,66
Xiangjiao,Chinese Nü Yr,Iglooghost,172000,0,1,,62
Shut Down,Mana Pool,VAPERROR,130000,0,0,,88
This Body,Rain Temple,2814,604000,0,2,,79
3 [Deeply, Deeply Relaxed.],RelaxTM,ESPRIT 空想,121000,0,1,,61
Were Finally Landing,Before the Night,Home,272000,0,1,,74
Escape (feat. Marionismagical),FrankJavCee Collection, Vol. 1,FrankJavCee,178000,0,0,,97
Tropical Hysteria,Bae,Yung Bae,104000,0,0,,52
ANTOJITOS (feat. MACROSS 82-99),VERONICA EP,UPPER, MACROSS 82-99,188000,0,1,,67
Invisible,Distance,bl00dwave,192000,0,0,,48
Sunset,Summer Touch,MACROSS 82-99,139000,0,1,,57
Where Will I Go,Eternal Champ,Sweet Valley,153000,0,1,,71
Jam City USA (Bonus Track),TV Party,Luxury Elite,123000,0,1,,72
Eyes of the Temple,Rain Temple,2814,675000,0,3,,1
Burning,Falling into Place,Home,185000,0,0,,55
Mustang,With Love,luxury elite,91000,0,0,,60
Voice Activated,Pure Gold,18 Carat Affair,133000,0,2,,77
Desire,Vintage Romance,18 Carat Affair,98000,0,1,,6
A Lot Of Pretty Girls (feat. UPPER),CHAM!,MACROSS 82-99, UPPER,185000,0,0,,90
Take My Love,Bae,Yung Bae,136000,0,2,,3
Killed a Man,Deep Fantasy,Surfing,483000,0,0,,51
VIII. Friendship 友情,OSV: Original Sound Version,R23X,101000,0,1,,76
Debonair,TV Party,Luxury Elite,158000,0,0,,20
Hit the Spot,Deep Fantasy,Surfing,230000,0,0,,23
Know You,Shrines,Infinity Frequencies,110000,0,0,,13
Fun Tonight,CHAM!,MACROSS 82-99,162000,0,0,,12
Im in a Witchs House,FrankJavCee Collection, Vol. 1,FrankJavCee,106000,0,0,,59
Synchronize,Before the Night,Home,240000,0,0,,86
Impact,Hardvapour.,2814,378000,0,0,,9
XXX,OST,R23X,102000,0,0,,92
Triad,Chaos 4: We Are Unstoppable,2814,310000,0,0,,24
Ultrafunk Fantasy,Polychromatic Compiler,VAPERROR,128000,0,0,,15
Porno Slap,Man vs Machine,Samiyam,311000,0,0,,24
Comes to Mind,The Tropics,Teebs,174000,0,7,,0
Be Honest,Bowser,Jonwayne,168000,0,0,,9
Ann Arbor Part 2,Full Circle,Shigeto,165000,0,2,,20
William,Maybes,Mount Kimbie,244000,0,0,,10
Whirling 84,Air Texture, Vol. IV,Teebs,111000,0,4,,3
Post Atmosphere (Baths Remix),Camping - EP,Shlohmo,185000,0,2,,5
Cider,Feel Me,Groundislava,164000,0,0,,11
Quest (Low Limit Remix),Drift Remixed,Nosaj Thing,137000,0,4,,2
Logarithmic Spirals,Illuminated Man,1000names,170000,0,0,Tak,16
Sky Of The Revolution,Full Circle,Shigeto,309000,0,1,,18
Vegas Collie (feat. A sample from Natvralism’s Nanoloop),Reset,Flying Lotus,137000,0,6,,21
Fatcat,Down 2 Earth (The Standard Edition),Ras G,108000,0,0,,7
NY pt. 2 (feat. Prefuse 73),E s t a r a,Teebs,181000,0,4,,1
Now Time,Wander/Wonder,Balam Acab,247000,0,1,,15
intenshnnns,Gem Drops Two,Mndsgn,163000,0,0,,23
Begin End Begin (FaltyDL Remix),Only Mountain: The Remixes,Take,234000,0,3,,4
In Tatters (feat. Kelela Mizanekristos),Bespoke,Daedelus,197000,0,0,,8
Ultramarine,Emerald Fantasy Tracks,Lone,373000,0,0,,14
The Minds Eye (Clarity  Vision),Paramatma,Mono/Poly,125000,0,0,,19
Light #1 (Take Remix),Drift Remixed,Nosaj Thing,220000,0,0,,25
Hold On,Sepalcure,Sepalcure,267000,0,0,,12
Dark Water Jazz,Dusted Jazz Vol. 1,Jenova 7,271000,0,5,,5
The Branches (Instrumental Version),The Branches (Deluxe Edition),Long Arm,369000,0,7,,3
Tire Swing,Free the Robots Vol. 2 - EP,Free the Robots,190000,0,6,,10
Midnight Oil,Lost Track of Time; Unreleased 2002-2012,Arts the Beatdoctor,150000,0,5,,15
Cordial Juice Incident,Realize,Ackryte,113000,0,4,,16
How It Should Sound,How It Should Sound, Vol. 1  2,Damu The Fudgemunk,128000,0,11,,13
How It Ends,Lost Track of Time; Unreleased 2002-2012,Arts the Beatdoctor,229000,0,2,,24
First Look,Cirrostratus,Evil Needle,202000,0,3,,21
Between the Lines,Lost Track of Time; Unreleased 2002-2012,Arts the Beatdoctor,352000,0,10,,0
Sleep Walking,Oldies,Elaquent,124000,0,3,,17
Mother Nature,Living Fossils,AstroLogical,138000,0,5,,8
Looking Forward,Jazz Meditation,DJ Ezasscul,211000,0,4,,18
Assumption,Refractory,Anitek,150000,0,5,,7
Blending Quality,Transitions,Arts The Beatdoctor,235000,0,5,,14
Cloud Nine,Lost Track of Time; Unreleased 2002-2012,Arts the Beatdoctor,127000,0,6,,4
Crying on the In,Mesektet Extnd,Natureboy Flako,140000,0,2,,23
Robooster,Soundcraft,Bugseed,148000,0,8,,1
Seven,Amongst Strangers,MR COOPER,210000,0,6,,9
Power of the Tongue (feat. Sach),The Product,Jazz Spastiks,180000,0,6,,12
Go Ahead Bobby (Interlude),Sound Puzzle (Deluxe Edition),40 Winks,97000,0,5,,6
Darker Days,Darker Days,The Q4,98000,0,3,,20
Forgive Me Part 2,Blessed By a Young Death,Glen Porter,134000,0,6,,11
Nothing Else,Snow,Angus  Julia Stone,264000,0,0,,10
Unchained Melody,Unchained Melody,Lykke Li,156000,0,1,,0
Hands,They Moved in Shadow All Together,Emily Jane White,202000,0,0,,3
The Opening,Rarities,Ane Brun,203000,0,1,,5
Night After Night,A Creature I Dont Know,Laura Marling,308000,0,0,,15
The Noble Art of Letting Go,The Noble Art Of Letting Go,Rebekka Karijord,291000,0,2,,24
Creepy Bird,Get Your Soul Washed,Ladylike Lily,253000,0,0,,18
What A Day,Truth Is A Beautiful Thing (Deluxe),London Grammar,294000,0,1,,1
Facing West,Facing West EP,The Staves,159000,0,0,,9
Intravenous,In the Seams,Saint Saviour,273000,0,1,,2
Always Waiting,Home Again,Michael Kiwanuka,270000,0,0,,23
Caterpillar,Tookah,Emilíana Torrini,232000,0,1,,7
Gun,Me And Armini,Emilíana Torrini,345000,0,0,,21
Milk  Honey,Milk  Honey,Billie Marten,239000,0,0,,19
Smother,If You Leave,Daughter,241000,0,0,,14
Magpie Eggs,Floriography,Moddi,326000,0,1,,6
Shes Your Mother,Broadchurch (Music From The Original TV Series),Ólafur Arnalds,118000,0,0,,17
Fuel to Fire,Aventine,Agnes Obel,329000,5,16,,11
Interlude (Live),If You Wait (Deluxe Version),London Grammar,244000,0,1,,8
Sun Has Gone,May,Broken Twin,208000,0,0,,22
Nothing Is Over,Earth Sick,Oh Land,187000,0,0,,12
Heim igjen,Set the House on Fire,Moddi,93000,0,0,,20
Winter,Beautiful Lies (Deluxe),Birdy,306000,0,0,,13
Nature Boy (Acoustic),All My Demons Greeting Me As A Friend (Deluxe),AURORA	,180000,5,15,,16
Some Other Time,It Never Entered in My Super Jet (Remastered),Bill Evans,290000,5,34,,0
Satie: Gnossiennes - No. 5,Satie: The Early Piano Works,Reinbert de Leeuw,206000,0,8,,9
Waltz #1,Home To Oblivion: An Elliott Smith Tribute,Christopher ORiley,222000,0,8,,19
Liszt: 10 Harmonies poétiques et religieuses, S.173 - 3.Bénédiction de Dieu dans la solitude - Andante -,Liszt: Sonata in B minor; 2 Etudes de Concert,Claudio Arrau,138000,0,8,,24
Gogol,Solo Piano,Gonzales,122000,0,8,,17
River Man,Second Grace: The Music of Nick Drake,Christopher ORiley,314000,0,11,,12
Three Sarabandes: Sarabande No. 1,Satie Piano,Roland Pöntinen,361000,0,16,,2
At the Tollbooth,Highway Rider,Brad Mehldau,67000,0,13,,5
My Ship,Alone,André Previn,171000,0,13,,3
Berceuse in D flat major, Op. 57,Chopin: Ballades / Berceuse Op. 57 / Fantasie Op. 49,İdil Biret,274000,0,12,,14
Bard,Elegiac Cycle,Brad Mehldau,164000,0,7,,22
Miroirs for piano: V. La vallée des cloches,Legendary Piano Immortals (Remastered Historical Recording),Maurice Ravel,332000,0,11,,15
Overnight,Solo Piano,Gonzales,202000,0,13,,6
3 Intermezzi, Op. 117: No. 1 in E-Flat Major,Quiet Classics,Reid Nibley,276000,0,20,,1
Gaspard de la Nuit: II. Le Gibet,Maurice Ravel Plays Ravel,Maurice Ravel,311000,0,6,,23
A Walk Between the Raindrops,A New Kind of Love,Robin Spielberg,270000,0,11,,13
No. 13 in G flat major,The Caswell Collection, Vol. 5 (1906-1926),Alexander Scriabin,108000,0,9,,18
Ottorino Respighi: Notturno in Sol bemolle maggiore,The Realm of Night: Pages for Piano,Filippo Quarti,319000,0,6,,20
Lament for Linus (-Elegiac Cycle-Solo Piano),Elegiac Cycle,Brad Mehldau,87000,0,9,,16
Prélude,Ravel: The Complete Works for Piano,Alfredo Perl,133000,0,15,,4
No. 8. La fille aux cheveux de lin: Très calme et doucement expressif,Debussy / Liszt: Piano Works,Osorio, Jorge Federico,159000,0,7,,21
Consolation No. 3,Horowitz Plays Liszt,Vladimir Horowitz,272000,0,10,,10
Nocturne No. 1 in C-Sharp Minor, Op. 27,Chopin: Etudes, Op. 10 - Fantasy, Op. 49 - Impromptu No. 4 - Nocturnes,Peter Schmalfuss,285000,0,9,,7
Video Killed the Radio Star,Freitag Abend – Disco Time,Buggles,199000,0,2,,16
Girls on Film (Remastered 2010),British Pop Hits,Duran Duran,212000,0,5,,7
Dont Go,Upstairs at Erics,Yazoo,188000,0,9,,5
The Look,Look Sharp! (2009 Version),Roxette,237000,0,4,,9
Take On Me,Hunting High And Low (Deluxe Edition),a-h&lt;i&gt;a,228000,0,18,,0
Eye of the Tiger,Eye Of The Tiger,Survivor,243000,0,10,,3
Down Under,Business As Usual,Men at Work,222000,0,4,,13
People Are People,Some Great Reward,Depeche Mode,231000,0,2,,15
Everybody Wants To Rule The World,Songs From The Big Chair,Tears for Fears,251000,0,8,,12
Forever Young,Top 100 80s,Alphaville,226000,0,0,,23
Broken Wings,Welcome To The Real World,Mr. Mister,345000,0,4,,18
White Wedding (Pt. 1),Billy Idol,Billy Idol,252000,0,14,,2
Blue Monday-88,Classic D.J. Mix, Vol. 1,New Order,240000,0,13,,1
Minor Earth Major Sky (Nivens Radio Edit) [Remastered],The Singles: 1984 - 2004,a-h&lt;i&gt;a,244000,0,2,,19
The Safety Dance,The Safety Dance,Men Without Hats,164000,0,5,,10
Africa,The Essential Toto,Toto,296000,0,13,,4
Ghostbusters (From Ghostbusters),80s 100 Hits,Ray Parker Jr.,238000,0,2,,22
The Sun Always Shines on T.V.,80s Pop Hits,a-h&lt;i&gt;a,302000,0,5,,6
Cruel Summer,The Number Ones: Eighties Rock,Bananarama,210000,0,2,,17
Walk Like An Egyptian,Different Light,The Bangles,204000,0,3,,14
Time After Time,Shes So Unusual,Cyndi Lauper,241000,0,1,,20
The Sky Opposite,Joined Ends,Dorian Concept,151000,0,2,,11
Glue,Home,Nosaj Thing,258000,0,7,,3
Mondaze,E s t a r a,Teebs,117000,0,3,,23
El Oeste,ƒIN,John Talabot,181000,0,1,,13
Mayor,Crooks  Lovers,Mount Kimbie,241000,0,7,,21
Peroration Six,Elaenia,Floating Points,314000,0,1,,16
Down,Love Pressure EP,Sepalcure,248000,0,3,,6
You,Silver Wilkinson,Stephen Wilkinson,329000,0,3,,15
Putty Boy Strut,Until The Quiet Comes,Flying Lotus,173000,0,3,,20
Casyam_59#02,Trust,Gold Panda,246000,0,5,,2
Jaded,Reality Testing,Lone,289000,0,5,,17
You Took Your Time (feat. King Krule),Cold Spring Fault Less Youth,Mount Kimbie,314000,0,2,,12
Silver Lining,No Better Time Than Now,Shigeto,202000,0,3,,4
128 Harps,Pink,Four Tet,292000,0,2,,9
Put It,Laid Out - EP,Shlohmo,288000,0,6,,5
Moth,DJ-KiCKS,Burial,295000,5,29,,1
Inpouring,Held,Holy Other,166000,0,1,,18
Armonica,News From Nowhere,Darkstar,222000,0,2,,14
Quick Kiss,Many Faces Out Of Focus,Lapalux,97000,0,2,,22
Taps,Maybes,Mount Kimbie,191000,0,7,,0
Building It Still,200 Press EP,James Blake,265000,0,1,,19
Specters of the Future,Space Is Only Noise,Nicolas Jaar,118000,0,2,,10
See Birds (Moon),See Birds,Balam Acab,228000,0,3,,24
Yawn,Ocean Death,Baths,220000,0,4,,8
Finish the Fight,Halo 3: Original Soundtrack,Martin ODonnell,147000,0,6,,12
Lothlorien (feat. Lament for Gandalf),Lord of the Rings: The Fellowship of the Ring [Enhanced],Howard Shore,273000,0,15,,1
One Final Effort,Halo 3 (Original Soundtrack),Michael Salvatori,188000,0,5,,13
Gilded Vale,Pillars of Eternity (Official Soundtrack),Justin Bell,195000,0,9,,4
The Ring Goes South,Lord of the Rings: The Fellowship of the Ring [Enhanced],Howard Shore,123000,0,36,,0
Encampment,Pillars of Eternity (Official Soundtrack),Justin Bell,154000,0,20,,3
The Dawn Will Come,Dragon Age Inquisition,Trevor Morris,118000,0,21,,7
Misty Mountains,The Hobbit: An Unexpected Journey Original Motion Picture Soundtrack (International Version),Richard Armitage,99000,0,22,,2
An Ominous Place,The Witcher (Original Game Soundtrack),Adam Skorupa,312000,0,10,,5
The Bards Song - In the Forest (Remastered 2007),Somewhere Far Beyond (Remastered 2007),Blind Guardian,189000,0,14,,6
Nerevar Rising,The Elder Scrolls III: Morrowind: Original Game Soundtrack,Jeremy Soule,114000,0,3,,9
Reign of the Septims,The Elder Scrolls IV: Oblivion: Original Game Soundtrack,Jeremy Soule,110000,0,2,,10
Dragonborn,The Elder Scrolls V: Skyrim: Original Game Soundtrack,Jeremy Soule,235000,0,3,,8
...Steel For Humans,The Witcher 3: Wild Hunt (Original Game Soundtrack),Percival Schuttenbach,87000,0,3,,11
